,Unnamed: 0,title,genres
0,0,apocolocyntosis,"'21st-century', 'history', 'roman', 'classics', 'religion', 'novels', 'philosophy', 'fiction', 'literature', 'short-stories', 'politics', 'non-fiction', 'read-for-school', 'poetry', 'historical', 'humor'"
1,1,the house on the borderland,"'horror', 'mystery', 'classics', 'science-fiction', 'fantasy', 'novels', 'literature', 'fiction', 'paranormal', '20th-century', 'adult', 'speculative-fiction', 'supernatural', 'dark'"
2,2,the warriors,"'literary-fiction', 'history', 'biography', 'family', 'mythology', 'historical-fiction', 'non-fiction', 'historical', 'college', 'contemporary', 'high-school', 'fantasy', 'novels', 'literature', 'fiction', '20th-century', 'essays', 'school', 'adult', 'read-for-school', 'american', 'feminism', 'classics', 'short-stories', 'adult-fiction', 'memoir', 'coming-of-age'"
3,3,a voyage to the moon,"'20th-century', 'science-fiction', 'speculative-fiction'"
4,4,la fiammetta,"'literary-fiction', 'history', 'feminism', 'classics', 'philosophy', 'fiction', 'literature', '20th-century', 'school', 'non-fiction', 'read-for-school', 'poetry', 'college'"
5,5,carmilla,"'romance', 'novella', 'historical-fiction', 'historical', 'horror', 'mystery', 'fantasy', 'novels', 'literature', 'fiction', '20th-century', 'vampires', 'adult', 'school', 'classics', 'paranormal', 'short-stories', 'adult-fiction', 'dark', 'thriller', 'supernatural', 'lgbt'"
6,6,the mystery,"'literary-fiction', 'crime', 'mystery', 'classics', 'suspense', 'mystery-thriller', 'novels', 'literature', 'fiction', 'historical-fiction', '20th-century', 'adult', 'unfinished', 'historical'"
7,7,the mountains of california,"'adventure', 'history', 'biography', 'classics', 'travel', 'literature', 'fiction', 'read-for-school', '20th-century', 'science', 'essays', 'memoir', 'non-fiction', 'unfinished', 'theology', 'american'"
8,8,beneath the banner,'classics'
9,9,gaslight sonatas,"'american', 'science-fiction'"
10,10,the hunt ball mystery,"'literary-fiction', 'crime', 'mystery', 'classics', 'mystery-thriller', 'novels', 'fiction', 'historical-fiction', 'non-fiction', 'historical'"
11,11,complete poetical works,"'classics', 'cookbooks', 'short-stories', 'fiction', 'non-fiction', 'relationships', 'poetry', 'college'"
12,12,the magnetic north,'historical-fiction'
13,13,the works of aphra behn vol iii,"'classics', 'literary-fiction'"
14,14,alaska indian dictionary,"'reference', 'non-fiction'"
15,15,second year at annapolis,'20th-century'
16,16,billie bradley and her inheritance,"'short-stories', 'childrens', 'mystery'"
17,17,old lady mary,"'classics', 'paranormal', 'fantasy', 'short-stories', 'adult-fiction', 'historical'"
18,18,hell,"'history', 'comics', 'historical-fiction', 'non-fiction', 'historical', 'horror', 'mystery', 'fantasy', 'novels', 'literature', 'graphic-novels', 'fiction', '20th-century', 'adult', 'unfinished', 'crime', 'classics', 'dark', 'thriller'"
19,19,further experiences,'classics'
20,20,la vampire,"'romance', 'adventure', 'contemporary', 'picture-books', 'teen', 'mystery', 'action', 'fantasy', 'paranormal', 'fiction', 'love', 'adult-fiction', 'young-adult', 'vampires', 'magic', 'supernatural', 'urban-fantasy', 'paranormal-romance'"
21,21,hamburgische dramaturgie,"'history', 'classics', 'reference', 'philosophy', '20th-century', 'essays', 'non-fiction', 'plays'"
22,22,chinese literature,"'literature', 'non-fiction'"
23,23,the secret of the tower,"'classics', 'adventure', '20th-century', 'mystery'"
24,24,the divine office,"'religion', 'reference'"
25,25,purgatory,"'contemporary', 'christian', 'horror', 'mystery', 'suspense', 'mystery-thriller', 'literature', 'fiction', 'thriller', 'dystopia', 'supernatural', 'urban-fantasy'"
26,26,discourses,"'education', 'history', 'roman', 'classics', 'psychology', 'philosophy', 'fiction', 'politics', '20th-century', 'literature', 'science', 'school', 'non-fiction', 'essays', 'economics', 'college'"
27,27,les heures claires,'poetry'
28,28,happiness and marriage,"'classics', 'psychology'"
29,29,beltane the smith,"'adventure', 'fantasy', 'fiction', '20th-century', 'non-fiction', 'historical'"
30,30,the constitution,"'history', 'classics', 'reference', 'philosophy', 'literature', 'politics', 'fiction', 'read-for-school', 'non-fiction', 'unfinished', 'historical'"
31,31,the power and the glory,"'literary-fiction', 'christian', 'history', 'classics', 'religion', 'high-school', 'novels', 'literature', 'fiction', 'historical-fiction', '20th-century', 'adult-fiction', 'school', 'spirituality', 'american', 'historical'"
32,32,paradise,"'literary-fiction', 'mythology', 'historical-fiction', 'theology', 'college', 'high-school', 'fantasy', 'novels', 'literature', 'fiction', 'philosophy', '20th-century', 'school', 'adult', 'unfinished', 'read-for-school', 'christian', 'classics', 'religion', 'poetry'"
33,33,stories of great americans,"'history', 'fiction', 'non-fiction', 'american', 'historical'"
34,34,the century vocabulary builder,"'education', 'history', 'writing', 'classics', 'reference', 'fiction', 'non-fiction'"
35,35,kazan,"'history', 'biography', 'fiction', 'politics', '20th-century', 'non-fiction', 'drama', 'american', 'art'"
36,36,moorish literature,"'literature', 'fiction', 'classics'"
37,37,punchinell ,"'christian', 'middle-grade', 'picture-books', 'christmas', 'religion', 'fantasy', 'chick-lit', 'fiction', 'graphic-novels', 'childrens', 'school', 'spirituality'"
38,38,twilight of gods,"'picture-books', 'writing', 'fantasy', 'mythology', 'paranormal', 'fiction', 'young-adult', 'new-adult'"
39,39,the trojan women of euripides,"'history', 'historical', 'classics', 'fantasy', 'mythology', 'literature', 'fiction', 'historical-fiction', 'war', 'read-for-school', 'philosophy', 'school', 'drama', 'poetry', 'plays', 'college'"
40,40,healing nations,"'religion', 'spirituality'"
41,41,hacker crackdown,"'crime', 'history', 'biography', 'science-fiction', 'fiction', 'politics', 'science', 'non-fiction', 'theology', 'business'"
42,42,byron,"'romance', 'classics', 'reference', 'literature', 'fiction', 'short-stories', '20th-century', 'school', 'poetry'"
43,43,a little boy lost,"'adventure', 'writing', 'fantasy', 'fiction', 'childrens'"
44,44,great events v,"'fiction', 'history'"
45,45,a treatise of daunses,'history'
46,46,political ideas,"'history', 'sociology', 'philosophy', 'fiction', 'politics', '20th-century', 'essays', 'non-fiction', 'business'"
47,47,the folklore of plants,"'reference', 'mythology', 'fiction', 'science', 'non-fiction', 'magic', 'theology', 'art'"
48,48,adonais,"'classics', 'mythology', 'literature', 'fiction', 'philosophy', '20th-century', 'drama', 'poetry'"
49,49,the best letters of charles lamb,"'history', 'biography', 'classics', 'fiction', 'essays', 'memoir', 'non-fiction'"
50,50,abducted to oz,"'childrens', 'fantasy'"
51,51,great events ,"'education', 'history', 'reference', 'amazon', 'fiction', 'historical-fiction', 'non-fiction'"
52,52,excellent women,"'romance', 'literary-fiction', 'contemporary', 'feminism', 'classics', 'religion', 'novels', 'literature', 'fiction', 'historical-fiction', '20th-century', 'adult-fiction', 'comedy', 'adult', 'relationships', 'historical', 'humor'"
53,53,the first men in the moon,"'adventure', 'classics', 'science-fiction', 'fantasy', 'novels', 'literature', 'fiction', '20th-century', 'science', 'dystopia', 'adult', 'speculative-fiction'"
54,54,books for children,"'education', 'writing', 'reference', 'literature', 'fiction', 'childrens', 'adult', 'non-fiction'"
55,55,the sowers,"'contemporary', 'christian', 'drama', 'family', 'fiction', 'historical-fiction', 'adult-fiction', 'unfinished', 'relationships', 'historical'"
56,56,the lure of the dim trails,"'romance', 'adventure', 'classics', 'fiction', 'historical-fiction', '20th-century', 'non-fiction'"
57,57,maezli,"'classics', 'novels', 'literature', 'fiction', 'short-stories', 'childrens', 'historical'"
58,58,punch volume ,"'romance', 'contemporary', 'erotica', 'comics', 'literature', 'graphic-novels', 'fiction', 'drama', 'manga', 'lgbt'"
59,59,americas war for humanity,"'american', 'history'"
60,60,the merry adventures of robin hood,"'adventure', 'middle-grade', 'history', 'classics', 'fantasy', 'mythology', 'literature', 'fiction', 'historical-fiction', 'novels', 'childrens', 'young-adult', '20th-century', 'american', 'historical'"
61,61,the oregon trail,"'adventure', 'history', 'biography', 'classics', 'animals', 'reference', 'travel', 'literature', 'fiction', 'historical-fiction', '20th-century', 'memoir', 'non-fiction', 'american', 'historical'"
62,62,english poets,"'history', 'biography', 'writing', 'classics', 'fiction', 'essays', 'non-fiction', 'poetry'"
63,63,mohammedanism,"'history', 'religion', 'reference', 'fiction', 'non-fiction'"
64,64,poems,"'romance', 'classics', 'modern', 'literature', 'fiction', '20th-century', 'non-fiction', 'unfinished', 'poetry', 'american', 'college', 'art'"
65,65,sword blades and poppy seed,"'poetry', '20th-century', 'modern'"
66,66,the desert of wheat,"'classics', 'fiction', 'historical-fiction', '20th-century'"
67,67,maria mitchell,"'picture-books', 'fiction', 'childrens', 'biography'"
68,68,the congo and other poems,"'classics', 'literature', 'fiction', '20th-century', 'non-fiction', 'poetry'"
69,69,wolves of the sea,"'horror', 'fantasy', 'historical-fiction', 'vampires', 'historical'"
70,70,at whispering pine lodge,"'classics', 'fiction'"
71,71,pecks bad boy at the circus,"'childrens', 'novels'"
72,72,introduction to the,"'christian', 'classics', 'religion', 'self-help', 'philosophy', 'fiction', '20th-century', 'non-fiction', 'unfinished', 'theology', 'spirituality'"
73,73,the land of little rain,"'adventure', 'history', 'biography', 'travel', 'science', 'non-fiction', 'theology', 'historical', 'college', 'animals', 'literature', 'fiction', '20th-century', 'essays', 'school', 'read-for-school', 'unfinished', 'american', 'classics', 'short-stories', 'memoir', 'poetry'"
74,74,poetry of wordsworth,"'romance', 'classics', 'reference', 'literature', 'fiction', '20th-century', 'read-for-school', 'poetry', 'college'"
75,75,walking,"'adventure', 'horror', 'action', 'science-fiction', 'comics', 'fantasy', 'paranormal', 'manga', 'graphic-novels', 'fiction', 'adult-fiction', 'thriller', 'dystopia', 'adult', 'speculative-fiction', 'drama', 'supernatural', 'dark'"
76,76,kalitan our little alaskan cousin,'adventure'
77,77,their crimes,"'history', 'literature', 'fiction', 'politics', 'war', 'historical-fiction', 'non-fiction', 'economics', 'historical'"
78,78,beautiful joe,"'adventure', 'biography', 'animals', 'classics', 'novels', 'literature', 'fiction', 'historical-fiction', '20th-century', 'childrens', 'young-adult', 'non-fiction'"
79,79,old creole days,"'romance', 'classics', 'novels', 'literature', 'short-stories', 'fiction', 'historical-fiction', '20th-century', 'realistic-fiction', 'non-fiction', 'read-for-school', 'american'"
80,80,the wrecker,"'romance', 'adventure', 'classics', 'novella', 'novels', 'literature', 'fiction', 'historical-fiction', 'amazon', '20th-century', 'historical'"
81,81,patty at home,"'classics', 'historical', 'young-adult'"
82,82,the lone star ranger,"'romance', 'adventure', 'classics', 'science-fiction', 'novels', 'literature', 'fiction', 'historical-fiction', 'adult', 'american', 'historical'"
83,83,the professor,"'romance', 'literary-fiction', 'classics', 'historical-romance', 'novels', 'literature', 'fiction', 'historical-fiction', '20th-century', 'adult-fiction', 'adult', 'drama', 'historical'"
84,84,the nightborn,"'fantasy', 'paranormal', 'adult', 'magic', 'urban-fantasy', 'paranormal-romance'"
85,85,confession de minuit,"'romance', 'classics', 'psychology', 'philosophy', 'fiction', 'literature', '20th-century', 'unfinished'"
86,86,verse and prose,"'classics', '20th-century', 'drama', 'poetry', 'plays'"
87,87,around the world in  days,"'adventure', 'classics', 'action', 'science-fiction', 'travel', 'novels', 'literature', 'fiction', 'historical-fiction', 'fantasy', 'childrens', 'young-adult', 'school', 'realistic-fiction', '20th-century', 'historical'"
88,88,sonnets,"'read-for-school', 'poetry', '20th-century', 'reference'"
89,89,damon and delia,"'romance', 'mystery', 'classics', 'short-stories', 'fiction'"
90,90,dotty dimple at play,"'classics', 'historical-fiction'"
91,91,dragons blood,"'romance', 'reference', 'fantasy', 'young-adult', 'unfinished', 'urban-fantasy'"
92,92,the rover boys at college,"'education', 'classics', 'fiction', '20th-century', 'childrens', 'college'"
93,93,bull hunter,"'adventure', 'roman', 'classics', 'travel', 'novels', 'fiction', 'historical-fiction', '20th-century', 'non-fiction', 'american'"
94,94,rose o the river,"'romance', 'literary-fiction', 'classics', 'fiction', 'historical-fiction', 'short-stories', 'young-adult', 'american', 'historical'"
95,95,fruitfulness,"'christian', 'religion', 'fiction', 'non-fiction', 'theology', 'spirituality'"
96,96,the european anarchy,"'fiction', 'history'"
97,97,with the turks in palestine,"'history', 'religion', 'fiction', 'politics', 'historical'"
98,98,the velvet glove,"'crime', 'science-fiction', 'fantasy', 'short-stories', 'fiction', '20th-century', 'dystopia'"
99,99,domestic manners of the americans,"'literary-fiction', '21st-century', 'history', 'biography', 'sociology', 'classics', 'travel', 'literature', 'fiction', 'historical-fiction', '20th-century', 'essays', 'memoir', 'school', 'non-fiction', 'american', 'historical', 'humor'"
100,100,naar het middelpunt der aarde,"'romance', 'adventure', 'classics', 'science-fiction', 'fantasy', 'novels', 'literature', 'fiction', 'travel', '20th-century', 'science', 'childrens', 'young-adult', 'historical-fiction', 'speculative-fiction', 'adult', 'historical'"
101,101,s johnson v,"'adventure', 'horror', 'crime', 'science-fiction', 'comics', 'fantasy', 'paranormal', 'graphic-novels', 'historical-fiction', 'historical'"
102,102,satyros oder der,'drama'
103,103,die laune des verliebten,"'classics', 'plays'"
104,104,life of johnson volume  of ,"'literature', 'history', 'biography', 'classics'"
105,105,the boss of little arcady,"'classics', 'fiction', '20th-century', 'historical'"
106,106,joe wilson and his mates,"'classics', 'literature', 'short-stories', 'fiction', 'historical-fiction', '20th-century'"
107,107,the bravo,"'literary-fiction', 'history', 'biography', 'action', 'amazon', 'fiction', 'adult-fiction', 'war', 'thriller', 'memoir', 'non-fiction', 'historical'"
108,108,precaution,"'adventure', 'classics', 'novels', 'fiction', 'historical-fiction', 'american'"
109,109,freedoms battle,"'history', 'biography', 'classics', 'reference', 'philosophy', 'fiction', 'politics', '20th-century', 'essays', 'memoir', 'literature', 'non-fiction'"
110,110,the cinema murder,"'mystery', 'classics', 'suspense', 'mystery-thriller', 'novels', 'fiction', '20th-century', 'thriller'"
111,111,the middle temple murder,"'crime', 'history', 'mystery', 'classics', 'mystery-thriller', 'amazon', 'fiction', 'historical-fiction', 'historical'"
112,112,the evil guest,"'literary-fiction', 'crime', 'horror', 'mystery', 'classics', 'fantasy', 'novels', 'philosophy', 'fiction', 'short-stories', 'historical-fiction', 'thriller', 'mystery-thriller', '20th-century', 'speculative-fiction', 'magic', 'lgbt'"
113,113,autobiography,"'history', 'biography', 'feminism', 'classics', 'literature', 'fiction', 'politics', 'philosophy', 'memoir', 'non-fiction', 'american', 'historical', 'lgbt'"
114,114,at loves cost,'romance'
115,115,bible stories,"'christian', 'mystery', 'classics', 'religion', 'reference', 'fiction', 'childrens', 'non-fiction', 'spirituality'"
116,116,la revolution,"'graphic-novels', 'politics', 'adventure', 'comics'"
117,117,northern trails book i,"'adventure', 'history', 'biography', 'classics', 'novella', 'fiction'"
118,118,making the house a home,"'poetry', 'biography'"
119,119,stolen treasure,'realistic-fiction'
120,120,joy  power,"'christian', 'religion', 'fiction', 'non-fiction', 'theology', 'spirituality'"
121,121,the story of louis riel,'non-fiction'
122,122,historie van mejuffrouw sara,"'history', 'feminism', 'classics', 'novels', 'literature', 'fiction', 'historical-fiction', '20th-century', 'school', 'non-fiction', 'read-for-school', 'historical'"
123,123,personal memoir of daniel drayton,'historical'
124,124,the crisis of the naval war,'non-fiction'
125,125,the powers and maxine,'mystery-thriller'
126,126,love life  work,"'classics', 'philosophy', 'fiction', 'essays', 'non-fiction', 'american', 'business'"
127,127,caesar dies,"'adventure', 'history', 'classics', 'action', 'fantasy', 'fiction', 'historical-fiction', '20th-century'"
128,128,the story of evolution,"'history', 'roman', 'animals', 'reference', 'science', 'childrens', 'non-fiction'"
129,129,la comedie de la mort,"'unfinished', 'poetry'"
130,130,venus and adonis,"'romance', 'classics', 'fantasy', 'mythology', 'literature', 'fiction', 'read-for-school', '20th-century', 'amazon', 'school', 'drama', 'poetry', 'plays', 'college'"
131,131,a golden book of venice,"'historical-fiction', 'history'"
132,132,when day is done,"'historical-fiction', 'historical'"
133,133,australian explorations,"'history', 'travel'"
134,134,clarissa volume  of ,"'fiction', 'literary-fiction'"
135,135,the little house in the fairy wood,"'adventure', 'picture-books', 'classics', 'family', 'fantasy', 'fiction', 'historical-fiction', 'childrens', 'young-adult'"
136,136,a childs antislavery book,"'history', 'short-stories', 'historical-fiction', 'childrens', 'non-fiction', 'american'"
137,137,the new machiavelli,"'romance', 'history', 'classics', 'science-fiction', 'novels', 'amazon', 'fiction', 'politics', '20th-century', 'historical-fiction', 'philosophy'"
138,138,arthurian chronicles roman,"'education', 'history', 'drama', 'biography', 'classics', 'mythology', 'literature', 'fiction', '20th-century', 'war', 'magic', 'poetry', 'historical'"
139,139,the lost naval papers,"'non-fiction', 'crime', 'mystery'"
140,140,the ruling passion,'historical-fiction'
141,141,kauppalopo,"'feminism', 'classics', 'novella', 'fiction', 'short-stories', '20th-century'"
142,142,rautatie,"'adventure', 'middle-grade', 'history', 'classics', 'family', 'fantasy', 'novels', 'literature', 'fiction', 'historical-fiction', '20th-century', 'childrens', 'young-adult', 'historical'"
143,143,short stories old and new,"'literary-fiction', 'classics', 'sports', 'amazon', 'short-stories', 'fiction'"
144,144,the golden legend,"'contemporary', 'literary-fiction', 'feminism', 'religion', 'family', 'novels', 'literature', 'fiction', 'adult-fiction', 'politics', 'realistic-fiction', 'historical-fiction', '20th-century', 'adult', 'drama', 'war'"
145,145,practice book,'self-help'
146,146,agnes,"'contemporary', 'literary-fiction', 'romance', '21st-century', 'drama', 'roman', 'classics', 'novella', 'novels', 'literature', 'fiction', 'love', '20th-century', 'school', 'adult', 'read-for-school'"
147,147,persuasion,"'romance', 'literary-fiction', 'classics', 'historical-romance', 'chick-lit', 'novels', 'literature', 'fiction', 'historical-fiction', '20th-century', 'adult-fiction', 'love', 'adult', 'school', 'historical'"
148,148,dark lady of the sonnets,"'history', 'classics', 'novels', 'literature', 'fiction', 'comedy', '20th-century', 'drama', 'plays'"
149,149,romance de lobos comedia barbara,"'classics', 'fiction', '20th-century', 'school', 'drama'"
150,150,mary erzaehlung,"'classics', 'novella', 'fiction', '20th-century', 'drama', 'plays'"
151,151,sartor resartus,"'contemporary', 'literary-fiction', 'history', 'classics', 'religion', 'novels', 'philosophy', 'fiction', 'literature', '20th-century', 'politics', 'essays', 'school', 'non-fiction', 'read-for-school', 'poetry', 'comedy', 'humor'"
152,152,inaugural presidential address,"'history', 'picture-books', 'biography', 'classics', 'reference', 'politics', 'essays', 'childrens', 'non-fiction', 'american'"
153,153,het portret van dorian gray,"'literary-fiction', 'historical-fiction', 'historical', 'horror', 'mystery', 'fantasy', 'novels', 'literature', 'fiction', 'philosophy', '20th-century', 'adult', 'school', 'read-for-school', 'classics', 'paranormal', 'adult-fiction', 'drama', 'lgbt'"
154,154,mercy philbricks choice,'fiction'
155,155,step by step,"'adventure', 'biography', 'travel', 'fiction', 'memoir', 'non-fiction'"
156,156,the compleat cook,"'20th-century', 'history', 'non-fiction'"
157,157,alcestis,"'romance', 'literary-fiction', 'history', 'classics', 'fantasy', 'mythology', 'literature', 'fiction', 'historical-fiction', 'adult-fiction', 'novels', 'speculative-fiction', 'american', 'historical', 'lgbt'"
158,158,hyacinth,"'contemporary', 'literary-fiction', 'drama', 'mystery', 'suspense', 'family', 'chick-lit', 'mystery-thriller', 'literature', 'fiction', 'adult-fiction', 'realistic-fiction', 'amazon', 'young-adult', 'childrens', 'relationships', 'coming-of-age'"
159,159,the sea lions,"'picture-books', 'animals', 'classics', 'fantasy', 'childrens', 'young-adult'"
160,160,so runs the world,"'literary-fiction', 'fiction', 'non-fiction'"
161,161,old english plays,'plays'
162,162,marie antoinette,"'romance', '21st-century', 'history', 'biography', 'feminism', 'fiction', 'historical-fiction', '20th-century', 'politics', 'memoir', 'adult', 'non-fiction', 'unfinished', 'historical'"
163,163,johnny crows party,"'picture-books', 'animals', 'fiction', 'childrens', 'poetry', 'humor'"
164,164,the last of the foresters,"'adventure', 'history', 'biography', 'fiction', 'historical-fiction', 'war', 'short-stories', 'non-fiction', 'historical'"
165,165,fine feathers,"'romance', 'historical-romance', 'historical'"
166,166,friends in need,'childrens'
167,167,good intentions,"'contemporary', 'romance', 'crime', 'roman', 'mystery', 'suspense', 'mystery-thriller', 'amazon', 'fiction', 'realistic-fiction', 'thriller'"
168,168,fairy gold,"'adventure', 'picture-books', 'classics', 'animals', 'travel', 'fantasy', 'fiction', 'childrens', 'essays', 'coming-of-age', 'humor'"
169,169,watchdogs,"'adventure', 'middle-grade', 'teen', 'non-fiction', 'science-fiction', 'fantasy', 'fiction', 'childrens', 'dystopia', 'young-adult', 'thriller'"
170,170,the bequest,"'romance', 'historical-romance', 'family', 'literature', 'fiction', 'historical-fiction', 'contemporary-romance', 'drama', 'american', 'historical'"
171,171,the guardian angel,"'romance', 'fiction', 'historical-romance'"
172,172,for better or worse,"'romance', 'contemporary', 'novella', 'science-fiction', 'short-stories', 'fiction', 'contemporary-romance', 'lgbt'"
173,173,ships company,"'classics', 'comedy'"
174,174,the aeroplane boys flight,"'fiction', 'adventure'"
175,175,french short stories,"'classics', 'short-stories', 'unfinished', 'fiction'"
176,176,a hidden life and other poems,"'classics', 'poetry'"
177,177,the positive school of criminology,"'psychology', 'sociology', 'non-fiction'"
178,178,uncle bernac,"'adventure', 'history', 'mystery', 'classics', 'novella', 'travel', 'novels', 'fiction', 'historical-fiction', 'politics', 'war', 'historical'"
179,179,for luncheon and supper guests,'cookbooks'
180,180,holland,"'contemporary', 'crime', 'mystery', 'suspense', 'religion', 'mystery-thriller', 'novels', 'fiction', 'thriller'"
181,181,my strangest case,"'adventure', 'mystery', 'classics', 'mystery-thriller', 'fiction', '20th-century', 'thriller'"
182,182,mike and psmith,"'classics', 'novels', 'literature', 'fiction', 'comedy', 'historical-fiction', 'short-stories', '20th-century', 'school', 'sports', 'childrens', 'historical', 'humor'"
183,183,the world set free,"'literary-fiction', 'history', 'classics', 'science-fiction', 'fantasy', 'novels', 'literature', 'fiction', 'politics', 'war', 'science', 'dystopia', 'amazon', 'speculative-fiction', '20th-century', 'philosophy'"
184,184,lady mary wortley montague,"'biography', 'travel', 'non-fiction'"
185,185,adventures in friendship,"'classics', 'fiction', 'biography'"
186,186,great possessions,'american'
187,187,four early pamphlets,"'history', 'classics', 'philosophy', 'fiction', 'politics', 'essays'"
188,188,lives of poets v,"'history', 'biography', 'writing', 'classics', 'literature', 'fiction', 'philosophy', '20th-century', 'essays', 'non-fiction', 'poetry'"
189,189,lost in the air,"'classics', 'biography'"
190,190,jungle tales of tarzan,"'classics', 'science-fiction', 'comics', 'fantasy', 'graphic-novels'"
191,191,the rangeland avenger,"'adventure', 'classics', 'action', 'fiction', 'historical-fiction', '20th-century', 'non-fiction', 'american'"
192,192,les affinites electives,"'romance', 'literary-fiction', 'roman', 'classics', 'novels', 'literature', 'fiction', 'philosophy', '20th-century', 'love', 'unfinished'"
193,193,adventures in contentment,"'biography', 'classics', 'self-help', 'novels', 'philosophy', 'fiction', 'literature', 'essays', 'memoir', 'non-fiction', 'spirituality', 'american', 'humor'"
194,194,the real mother goose,"'picture-books', 'classics', 'animals', 'fantasy', 'literature', 'fiction', 'short-stories', 'childrens', 'young-adult', 'school', 'poetry', 'theology'"
195,195,english literature,'literature'
196,196,myths and mythmakers,"'history', 'reference', 'fantasy', 'mythology', 'literature', 'fiction', 'philosophy', 'science', 'non-fiction'"
197,197,journals of elgin,'history'
198,198,supply and demand,"'childrens', 'picture-books'"
199,199,the theory of social revolutions,"'history', 'sociology', 'philosophy', 'fiction', 'politics', '20th-century', 'non-fiction', 'american', 'historical'"
200,200,humane understanding v,"'philosophy', 'education', 'non-fiction'"
201,201,within the deep,"'action', 'crime', 'lgbt'"
202,202,jesus says so,'spirituality'
203,203,an englishmans travels in america,"'history', 'classics', 'travel', 'literature', 'fiction', 'non-fiction', 'historical'"
204,204,beaumont and fletcher,"'drama', 'plays'"
205,205,birthright,"'romance', 'contemporary', 'crime', 'mystery', 'suspense', 'family', 'chick-lit', 'mystery-thriller', 'novels', 'fiction', 'romantic-suspense', 'adult-fiction', 'thriller', 'contemporary-romance', 'adult', 'non-fiction', 'drama'"
206,206,the lives of the poets of,"'history', 'biography', 'writing', 'reference', 'literature', 'fiction', 'politics', '20th-century', 'non-fiction', 'poetry'"
207,207,plays,"'contemporary', 'crime', 'mystery', 'suspense', 'family', 'mystery-thriller', 'psychology', 'fiction', 'adult-fiction', 'relationships', 'thriller', 'adult', 'drama'"
208,208,three john silence stories,"'literary-fiction', 'horror', 'mystery', 'classics', 'paranormal', 'fantasy', 'fiction', 'historical-fiction', 'short-stories', 'supernatural', 'historical'"
209,209,dictionary of middle english,"'amazon', 'reference'"
210,210,britain at bay,'war'
211,211,hallecks new english literature,"'education', 'history'"
212,212,the healthy life cook book d ed,"'amazon', 'cookbooks'"
213,213,towards the great peace,'religion'
214,214,the worlds greatest books,"'literary-fiction', 'classics', 'reference', 'literature', 'fiction', 'amazon', 'short-stories', 'unfinished'"
215,215,old english plays v,"'literature', 'plays'"
216,216,hilda lessways,"'classics', 'science-fiction', 'novels', 'literature', 'fiction', 'love', '20th-century', 'historical-fiction', 'unfinished', 'relationships'"
217,217,three more john silence stories,"'literary-fiction', 'horror', 'mystery', 'classics', 'paranormal', 'fantasy', 'fiction', 'historical-fiction', 'short-stories', 'supernatural', 'historical'"
218,218,lives of the english poets,"'history', 'biography', 'classics', 'literature', 'fiction', '20th-century', 'non-fiction', 'poetry', 'art'"
219,219,the night land,"'romance', 'adventure', 'horror', 'classics', 'novella', 'science-fiction', 'fantasy', 'novels', 'literature', 'fiction', '20th-century', 'dystopia', 'speculative-fiction', 'unfinished', 'supernatural'"
220,220,specialiteiten,'literature'
221,221,ninon de lenclos,'feminism'
222,222,the war and democracy,"'classics', 'fiction'"
223,223,general grant vol i,'historical'
224,224,with zola in england,"'20th-century', 'non-fiction'"
225,225,game and playe of the chesse,"'history', 'classics', 'fiction', '20th-century', 'non-fiction'"
226,226,principal navigations v,'adventure'
227,227,how to use your mind,"'education', 'self-help', 'reference', 'psychology', 'fiction', 'non-fiction'"
228,228,pebbles on the shore,"'classics', 'literature', 'short-stories', 'war', 'non-fiction', 'theology'"
229,229,the reign of greed,"'romance', 'literary-fiction', 'adventure', 'history', 'classics', 'novels', 'literature', 'fiction', 'historical-fiction', 'politics', 'unfinished', 'school', 'non-fiction', 'read-for-school', 'adult', 'historical'"
230,230,histoire de la revolution,"'romance', 'education', 'history', 'fiction', 'politics', 'historical-fiction', 'war', 'non-fiction', 'unfinished', 'historical'"
231,231,les chasseurs de chevelures,"'adventure', '21st-century', 'literary-fiction', 'classics', 'fantasy', 'fiction', '20th-century', 'american'"
232,232,a history of freedom of thought,"'history', 'religion', 'philosophy', 'fiction', 'non-fiction'"
233,233,tine,"'contemporary', 'literary-fiction', 'history', 'roman', 'novels', 'literature', 'fiction', 'historical-fiction', '20th-century', 'adult-fiction', 'war', 'historical'"
234,234,tartarin de tarascon,"'fiction', 'roman', 'novels'"
235,235,a desperate chance,"'romance', 'contemporary', 'chick-lit', 'amazon', 'realistic-fiction', 'college', 'contemporary-romance', 'music', 'drama', 'new-adult'"
236,236,a life of gen robert e lee,"'history', 'biography', 'classics', 'fiction', 'politics', '20th-century', 'non-fiction', 'historical'"
237,237,character writings,'non-fiction'
238,238,a christmas mystery,"'literary-fiction', 'christmas', 'mystery', 'novella', 'family', 'mystery-thriller', 'chick-lit', 'amazon', 'short-stories', 'fiction', 'drama', 'historical'"
239,239,miscellaneous essays,"'fiction', 'realistic-fiction', 'essays', 'non-fiction'"
240,240,prince zaleski,"'literary-fiction', 'crime', 'mystery', 'classics', 'fantasy', 'short-stories', 'fiction', '20th-century', 'historical-fiction', 'adult-fiction'"
241,241,the epic,"'adventure', 'history', 'mythology', 'historical-fiction', 'non-fiction', 'historical', 'college', 'high-school', 'fantasy', 'novels', 'literature', 'fiction', 'philosophy', 'school', 'adult', 'read-for-school', 'classics', 'religion', 'poetry'"
242,242,the extant odes of pindar,"'history', 'classics', 'mythology', 'literature', 'fiction', 'philosophy', 'sports', 'non-fiction', 'read-for-school', 'poetry'"
243,243,punch,"'crime', 'mystery', 'suspense', 'action', 'mystery-thriller', 'novels', 'literature', 'fiction', 'comedy', 'politics', 'thriller', '20th-century', 'american', 'humor'"
244,244,mahomet,"'literary-fiction', 'history', 'biography', 'classics', 'religion', 'philosophy', 'fiction', '20th-century', 'essays', 'non-fiction'"
245,245,the essays of arthur schopenhauer,"'history', 'biography', 'classics', 'psychology', 'reference', 'philosophy', 'fiction', 'short-stories', '20th-century', 'essays', 'politics', 'non-fiction', 'unfinished'"
246,246,the way of peace,"'christian', 'classics', 'religion', 'self-help', 'psychology', 'philosophy', 'fiction', '20th-century', 'non-fiction', 'spirituality', 'plays'"
247,247,essays of schopenhauer,"'history', 'biography', 'classics', 'psychology', 'reference', 'philosophy', 'fiction', 'short-stories', '20th-century', 'essays', 'politics', 'non-fiction', 'unfinished'"
248,248,moonfleet,"'adventure', 'middle-grade', 'crime', 'history', 'horror', 'mystery', 'classics', 'novels', 'literature', 'fiction', 'historical-fiction', '20th-century', 'childrens', 'young-adult', 'thriller', 'coming-of-age', 'historical'"
249,249,men women and ghosts,"'short-stories', 'poetry', '20th-century'"
250,250,boule de suif,"'classics', 'novels', 'realistic-fiction', 'short-stories', 'school', 'read-for-school'"
251,251,chantecler,"'classics', 'animals', 'fantasy', 'historical-fiction', 'drama', 'plays', 'humor'"
252,252,greatest books,'music'
253,253,the wallet of kai lung,"'adventure', 'mystery', 'classics', 'historical-romance', 'science-fiction', 'fantasy', 'sports', 'literature', 'fiction', 'short-stories', '20th-century', 'speculative-fiction'"
254,254,a florida sketchbook,"'animals', 'history', 'memoir', 'travel'"
255,255,essays of robert louis stevenson,"'writing', 'classics', 'self-help', 'literature', 'fiction', 'short-stories', '20th-century', 'essays', 'non-fiction'"
256,256,impressions of theophrastus such,"'classics', 'novels', 'philosophy', 'fiction', 'historical-fiction', '20th-century', 'essays', 'school', 'non-fiction'"
257,257,lettres degypte,'fiction'
258,258,thrilling adventures,"'adventure', 'crime', 'mystery', 'fantasy', 'short-stories', 'fiction', 'theology', 'humor'"
259,259,enquire within upon everything,"'reference', 'non-fiction'"
260,260,courage,"'adventure', 'middle-grade', 'classics', 'novels', 'fiction', 'historical-fiction', 'realistic-fiction', 'childrens', 'young-adult', 'school', 'non-fiction', 'read-for-school', 'coming-of-age', 'historical'"
261,261,a wanderer in florence,"'history', 'biography', 'classics', 'travel', 'fiction', 'essays', 'memoir', 'humor'"
262,262,the mirror of kong ho,"'mystery', 'classics', 'historical-romance', 'fantasy', 'fiction', 'speculative-fiction', 'humor'"
263,263,philippine folklore stories,"'mythology', 'literature', 'short-stories', 'childrens', 'supernatural'"
264,264,inca land,"'fiction', 'american', 'travel'"
265,265,ancient and modern physics,"'amazon', 'classics'"
266,266,le horla and others,"'romance', 'horror', 'roman', 'mystery', 'classics', 'novella', 'science-fiction', 'fantasy', 'novels', 'literature', 'short-stories', 'fiction', '20th-century', 'paranormal', 'school', 'read-for-school'"
267,267,the moving picture boys at panama,'history'
268,268,probable sons,"'christian', 'history', 'classics', 'family', 'fiction', 'historical-fiction', 'childrens', 'non-fiction', 'drama'"
269,269,the scouts of the valley,"'adventure', 'history', 'historical-fiction', 'war', 'young-adult', 'non-fiction', 'historical'"
270,270,deserted,"'romance', 'teen', 'paranormal', 'fantasy', 'fiction', 'young-adult', 'magic', 'supernatural', 'urban-fantasy', 'paranormal-romance'"
271,271,homeward bound,"'romance', 'contemporary', 'novella', 'amazon', 'fiction', 'contemporary-romance', 'music', 'adult', 'new-adult'"
272,272,selfhelp,"'history', 'classics', 'self-help', 'spirituality', 'psychology', 'philosophy', 'fiction', 'science', 'non-fiction', 'economics', 'business'"
273,273,matrimonial openings,"'fiction', 'comedy'"
274,274,odd man out,"'contemporary', 'horror', 'crime', 'religion', 'novella', 'death', 'short-stories', 'fiction', 'thriller', 'adult', 'coming-of-age', 'american', 'lgbt', 'humor'"
275,275,peters pence,"'fiction', 'mystery-thriller'"
276,276,the head of the family,"'classics', 'sports', 'short-stories', 'fiction', '20th-century', 'realistic-fiction', 'drama', 'historical'"
277,277,tristram shandy,'classics'
278,278,prize money,"'romance', 'contemporary', 'fiction', 'adult', 'lgbt'"
279,279,double dealing,"'romance', 'contemporary', 'crime', 'erotica', 'action', 'contemporary-romance', 'unfinished'"
280,280,keeping up appearances,"'romance', 'contemporary', 'teen', 'high-school', 'sports', 'fiction', 'young-adult', 'contemporary-romance', 'relationships', 'humor'"
281,281,sailors knots entire collection,"'adventure', 'horror', 'classics', 'reference', 'amazon', 'short-stories', 'fiction', 'comedy', 'non-fiction', 'humor'"
282,282,dahcotah,"'history', 'reference', 'fiction', 'memoir', 'non-fiction', 'historical'"
283,283,the wits and beaux of society,"'classics', 'fiction', 'essays'"
284,284,paths of glory,"'adventure', 'history', 'biography', 'mystery', 'family', 'travel', 'novels', 'mystery-thriller', 'fiction', 'historical-fiction', 'sports', 'thriller', 'adult', 'non-fiction', 'drama', 'historical'"
285,285,the return of sherlock holmes,"'crime', 'mystery', 'classics', 'literature', 'fiction', 'historical-fiction', 'short-stories'"
286,286,a modest proposal,"'literary-fiction', 'history', 'sports', 'historical-fiction', 'comedy', 'non-fiction', 'historical', 'college', 'high-school', 'novels', 'philosophy', 'fiction', 'literature', '20th-century', 'essays', 'school', 'adult', 'read-for-school', 'humor', 'classics', 'short-stories', 'politics'"
287,287,the anatomy of melancholy,"'history', 'writing', 'classics', 'religion', 'self-help', 'psychology', 'reference', 'philosophy', 'fiction', 'literature', '20th-century', 'essays', 'science', 'non-fiction', 'unfinished', 'poetry', 'art'"
288,288,literary remains,"'short-stories', 'fiction', 'horror'"
289,289,the fortunate foundlings,"'classics', 'fiction', '20th-century', 'novels'"
290,290,the sword of welleran,"'short-stories', 'fiction', '20th-century', 'fantasy'"
291,291,history of england,"'history', 'biography', 'classics', 'literature', 'fiction', 'historical-fiction', 'short-stories', '20th-century', 'comedy', 'adult', 'non-fiction', 'politics', 'young-adult', 'historical', 'humor'"
292,292,dead souls,"'literary-fiction', 'roman', 'classics', 'novels', 'literature', 'fiction', 'historical-fiction', '20th-century', 'school', 'unfinished', 'historical', 'humor'"
293,293,the worshipper of the image,"'fiction', 'horror'"
294,294,a versailles christmastide,"'historical-fiction', 'christmas'"
295,295,anne severn and the fieldings,"'classics', 'fiction', 'historical-fiction'"
296,296,de kleine johannes,"'roman', 'classics', 'fantasy', 'novels', 'literature', 'fiction', 'adult-fiction', '20th-century', 'historical-fiction', 'philosophy', 'school', 'adult', 'read-for-school', 'unfinished'"
297,297,een liefde,"'roman', 'classics', 'literature', '20th-century', 'school', 'historical'"
298,298,manfredo,"'horror', 'classics', 'fantasy', 'literature', 'fiction', 'read-for-school', '20th-century', 'short-stories', 'dark', 'school', 'adult', 'drama', 'poetry', 'unfinished', 'plays', 'college'"
299,299,el paraiso de las mujeres,"'fiction', 'novella', 'novels'"
300,300,reise durch england und schottland,"'20th-century', 'non-fiction'"
301,301,the bookbills of narcissus,'fiction'
302,302,roman history books iiii,"'history', 'classics', 'fiction', 'historical-fiction', 'non-fiction', 'unfinished', 'historical'"
303,303,ludvigsbakke,"'romance', 'classics', 'literature', 'fiction', '20th-century', 'read-for-school'"
304,304,cinderella,"'romance', 'adventure', 'picture-books', 'classics', 'fantasy', 'novels', 'literature', 'fiction', 'short-stories', 'love', 'childrens', 'young-adult', 'school', 'magic'"
305,305,explorers of australia,'reference'
306,306,the life of captain james cook,"'adventure', 'literary-fiction', 'history', 'biography', 'fiction', 'historical-fiction', 'non-fiction'"
307,307,a gentleman from mississippi,"'classics', 'historical-fiction', '20th-century'"
308,308,natalie,"'middle-grade', 'picture-books', 'animals', 'classics', 'fiction', 'short-stories', 'comedy', 'childrens'"
309,309,saved at sea,"'christian', 'classics', 'religion', 'fiction', 'historical-fiction', 'childrens', 'school', 'read-for-school', 'historical'"
310,310,the life of john sterling,'history'
311,311,philaster,"'historical', 'classics', 'reference', 'fiction', 'comedy', '20th-century', 'love', 'dark', 'school', 'drama', 'plays', 'college', 'lgbt', 'humor'"
312,312,our gift,'spirituality'
313,313,atlantic monthly,'unfinished'
314,314,a narrative of the siege of delhi,'war'
315,315,my native land,'non-fiction'
316,316,andrew jackson,"'history', 'biography', 'reference', 'fiction', 'politics', 'historical-fiction', 'war', 'school', 'non-fiction', 'read-for-school', 'historical'"
317,317,paul and virginia,"'romance', 'roman', 'classics', 'novels', 'literature', 'fiction', 'graphic-novels', '20th-century', 'historical-fiction', 'philosophy', 'unfinished'"
318,318,juha,"'roman', 'classics', 'novels', 'fiction', 'historical-fiction', '20th-century', 'school', 'historical'"
319,319,clerambault,"'romance', 'literary-fiction', 'psychology', 'fiction', 'historical'"
320,320,the abandoned room,"'horror', 'crime', 'mystery', 'classics', 'suspense', 'family', 'mystery-thriller', 'novels', 'fiction', 'graphic-novels', '20th-century', 'non-fiction', 'relationships', 'american'"
321,321,at sunwich port complete,"'fiction', 'historical'"
322,322,the tragedies of the medici,"'history', 'politics', 'non-fiction', 'spirituality', 'art'"
323,323,the mule,"'crime', 'mystery', 'fantasy', 'fiction', 'comedy', 'thriller', 'humor'"
324,324,john quincy adams,"'history', 'biography', 'philosophy', 'fiction', 'politics', 'historical-fiction', '20th-century', 'war', 'non-fiction', 'american', 'historical'"
325,325,teddys button,"'christian', 'picture-books', 'classics', 'religion', 'family', 'novels', 'fiction', 'historical-fiction', 'realistic-fiction', 'childrens', 'young-adult'"
326,326,crescent and iron cross,"'history', 'novella', 'literature', 'fiction', 'war'"
327,327,the eagles shadow,"'middle-grade', 'teen', 'historical-fiction', 'young-adult', 'historical'"
328,328,the untamed,"'romance', 'contemporary', 'writing', 'sports', 'contemporary-romance'"
329,329,babylonian and assyrian literature,"'poetry', 'theology'"
330,330,arthur hamilton and his dog,'20th-century'
331,331,mrs eliza haywood,"'biography', 'writing', 'classics', 'fiction', 'essays'"
332,332,moonface and other stories,"'romance', 'literary-fiction', 'adventure', 'horror', 'crime', 'writing', 'classics', 'sports', 'literature', 'short-stories', 'fiction', '20th-century', 'american'"
333,333,dawn,"'history', 'biography', 'novella', 'historical-fiction', 'non-fiction', 'historical', 'roman', 'high-school', 'novels', 'literature', 'fiction', 'philosophy', '20th-century', 'adult', 'school', 'classics', 'religion', 'adult-fiction', 'war', 'memoir'"
334,334,thomas jefferson,"'history', 'biography', 'fiction', 'politics', 'historical-fiction', 'non-fiction', 'american', 'college'"
335,335,john adams,"'history', 'biography', 'fiction', 'politics', 'war', 'historical-fiction', '20th-century', 'adult', 'non-fiction', 'american', 'historical'"
336,336,james madison,"'21st-century', 'history', 'biography', 'fiction', 'politics', 'war', 'historical-fiction', 'non-fiction', 'american', 'historical'"
337,337,the wendigo,"'adventure', 'history', 'novella', 'mythology', 'historical-fiction', 'speculative-fiction', 'historical', 'horror', 'mystery', 'fantasy', 'novels', 'literature', 'fiction', 'mystery-thriller', '20th-century', 'adult', 'classics', 'paranormal', 'short-stories', 'thriller', 'supernatural'"
338,338,olivia in india,"'biography', 'classics', 'historical-romance', 'fiction', 'historical-fiction', 'adult-fiction', '20th-century', 'young-adult'"
339,339,renascence and other poems,"'feminism', 'classics', 'literature', 'fiction', 'love', '20th-century', 'adult', 'poetry', 'american', 'college'"
340,340,the bickerstaffpartridge papers,"'history', 'classics', 'literature', 'philosophy', 'comedy', '20th-century', 'science', 'fiction', 'essays', 'humor'"
341,341,three young knights,"'adventure', 'classics', 'short-stories', 'historical-fiction', 'fiction', 'american'"
342,342,phantom fortune a novel,"'mystery', 'classics', 'novels', 'fiction', 'historical-fiction', '20th-century', 'adult'"
343,343,los amantes de teruel,"'romance', 'classics', 'novels', 'literature', 'fiction', 'historical-fiction', 'drama', 'plays'"
344,344,buried alive a tale of these days,"'classics', 'novella', 'art', 'novels', 'literature', 'fiction', 'short-stories', 'historical-fiction', 'love', 'young-adult', 'humor'"
345,345,the infants delight poetry,"'poetry', 'childrens'"
346,346,english poems,"'middle-grade', 'history', 'classics', 'religion', 'literature', 'fiction', 'read-for-school', 'poetry', 'theology'"
347,347,james monroe,"'history', 'biography', 'reference', 'fiction', 'politics', 'war', 'non-fiction', 'read-for-school', 'american'"
348,348,two years ago volume i,"'classics', '20th-century'"
349,349,greatest books v,"'classics', 'fiction', 'literature'"
350,350,young lives,"'contemporary', 'literary-fiction', 'history', 'biography', 'reference', 'fiction', 'politics', 'non-fiction'"
351,351,the lands of the saracen,"'fiction', '20th-century', 'history'"
352,352,tulitikkuja lainaamassa,"'romance', 'classics', 'fiction', 'comedy', '20th-century', 'realistic-fiction', 'adult-fiction', 'historical', 'new-adult', 'humor'"
353,353,the lullaby,"'romance', 'contemporary', 'family', 'chick-lit', 'fiction', 'contemporary-romance', 'adult', 'non-fiction', 'unfinished'"
354,354,the wonderful adventures of nils,"'adventure', 'middle-grade', 'roman', 'classics', 'animals', 'novella', 'fantasy', 'travel', 'novels', 'fiction', 'literature', '20th-century', 'childrens', 'young-adult', 'magic'"
355,355,the headsman,"'horror', 'thriller', 'mystery-thriller', 'mystery'"
356,356,tamburlaine the great part i,"'history', 'classics', 'literature', 'fiction', 'read-for-school', '20th-century', 'historical-fiction', 'school', 'drama', 'plays'"
357,357,the claim jumpers,"'classics', 'fiction'"
358,358,elusive isabel,"'classics', '20th-century', 'mystery-thriller', 'mystery'"
359,359,american humor,"'fiction', 'comedy', 'essays', 'non-fiction', 'theology', 'american', 'humor'"
360,360,the stories of the three burglars,'literature'
361,361,the light of western stars,"'romance', 'adventure', 'classics', 'fiction', 'historical-fiction', '20th-century', 'adult', 'historical'"
362,362,love affairs musicians,"'romance', 'biography', 'classics', 'fiction', 'music', 'american'"
363,363,the visits of elizabeth,"'romance', 'classics', 'fiction', 'love', 'historical-fiction', '20th-century', 'humor'"
364,364,vergil,"'adventure', 'history', 'mythology', 'historical-fiction', 'non-fiction', 'historical', 'college', 'roman', 'high-school', 'fantasy', 'novels', 'literature', 'fiction', 'philosophy', 'school', 'adult', 'unfinished', 'read-for-school', 'classics', 'war', 'plays', 'poetry'"
365,365,concerning animals,"'classics', 'fiction', 'essays', 'animals'"
366,366,the world turned upside down,"'adventure', 'horror', 'history', 'writing', 'mystery', 'classics', 'action', 'science-fiction', 'fantasy', 'short-stories', 'fiction', '20th-century', 'science', 'dystopia', 'theology'"
367,367,the ghost pirates,"'adventure', 'horror', 'mystery', 'classics', 'action', 'science-fiction', 'fantasy', 'paranormal', 'novels', 'fiction', 'short-stories', 'historical-fiction', 'mystery-thriller', 'supernatural', 'historical'"
368,368,four weeks in the trenches,"'history', 'biography', 'classics', 'literature', 'fiction', 'war', 'memoir', 'music', 'non-fiction'"
369,369,mrs warrens profession,"'feminism', 'classics', 'family', 'literature', 'fiction', 'read-for-school', '20th-century', 'comedy', 'school', 'adult', 'drama', 'plays', 'college'"
370,370,pragmatism,"'history', 'psychology', 'philosophy', 'fiction', 'politics', 'literature', 'essays', 'science', 'school', 'non-fiction'"
371,371,de zoon van dik trom,"'classics', 'fiction', 'childrens'"
372,372,the late mrs null,"'classics', '20th-century', 'american'"
373,373,ride to india,"'adventure', 'history', 'biography', 'religion', 'travel', 'politics', 'non-fiction'"
374,374,la tentation de saint antoine,"'romance', 'literary-fiction', 'psychology', 'mythology', 'historical-fiction', 'non-fiction', 'spirituality', 'roman', 'fantasy', 'novels', 'literature', 'fiction', 'philosophy', '20th-century', 'christian', 'classics', 'religion', 'plays', 'science-fiction', 'drama', 'poetry'"
375,375,growth of the soil,"'contemporary', 'literary-fiction', 'mystery', 'classics', 'suspense', 'modern', 'mystery-thriller', 'novels', 'literature', 'fiction', 'historical-fiction', '20th-century', 'thriller', 'love', 'adult', 'adult-fiction', 'drama', 'dark'"
376,376,frederick douglass,"'history', 'biography', 'fiction', 'politics', 'comedy', 'non-fiction', 'american'"
377,377,little henry,"'picture-books', 'family', 'fiction', 'realistic-fiction', 'childrens', 'school', 'humor'"
378,378,the riverman,"'classics', 'fiction', 'historical-fiction', 'literature'"
379,379,dogs and all about them,"'animals', 'fiction', 'non-fiction'"
380,380,two years ago volume ii,"'classics', 'fiction', 'history'"
381,381,alices adventures in wonderland,"'adventure', 'middle-grade', 'classics', 'humor', 'fantasy', 'novels', 'literature', 'fiction', '20th-century', 'childrens', 'young-adult', 'poetry', 'art'"
382,382,book of  nights v,"'adventure', 'history', 'classics', 'animals', 'fantasy', 'travel', 'philosophy', 'fiction', 'politics', 'war', 'paranormal', 'mythology', 'poetry'"
383,383,antwerp to gallipoli,"'history', 'non-fiction'"
384,384,labors martyrs,"'contemporary', 'history', 'biography', 'fiction', 'politics', 'historical-fiction', 'music', 'non-fiction', 'american', 'historical'"
385,385,letters of a traveller,"'romance', 'biography', 'feminism', 'classics', 'literature', 'adult-fiction', 'fiction', '20th-century', 'memoir', 'music', 'non-fiction'"
386,386,christmas in legend and story,"'classics', 'christmas'"
387,387,the port of adventure,"'historical-fiction', '20th-century'"
388,388,samuel morse,"'history', 'science', 'biography'"
389,389,van bibber and others,"'romance', 'dark'"
390,390,angels  ministers,"'romance', 'science-fiction', 'fantasy'"
391,391,james buchanan,"'history', 'biography', 'fiction', 'politics', 'non-fiction', 'american', 'historical'"
392,392,american heromyths,"'history', 'mystery', 'classics', 'reference', 'fantasy', 'mythology', 'amazon', 'fiction', 'american'"
393,393,incidents in the life,"'mystery', 'modern', 'novels', 'literature', 'fiction', 'adult'"
394,394,samuel johnson,"'history', 'biography', 'writing', 'literature', 'fiction', '20th-century', 'memoir', 'non-fiction', 'art'"
395,395,martin van buren,"'21st-century', 'history', 'biography', 'fiction', 'politics', 'non-fiction', 'historical'"
396,396,aziyade,"'fiction', 'graphic-novels', 'comics'"
397,397,isabelle,"'romance', 'crime', 'roman', 'mystery', 'psychology', 'novels', 'literature', 'fiction', 'historical-fiction', 'thriller', 'adult', 'school', 'read-for-school'"
398,398,the ghost ship,"'romance', 'horror', 'mystery', 'science-fiction', 'paranormal', 'fantasy', 'novels', 'fiction', 'historical-fiction', 'mystery-thriller', 'unfinished', 'supernatural', 'historical'"
399,399,the cruise of the dazzler,"'adventure', 'roman', 'classics', 'action', 'novella', 'travel', 'novels', 'literature', 'fiction', 'short-stories', '20th-century', 'young-adult', 'american'"
400,400,minnies sacrifice,"'read-for-school', 'drama', 'classics'"
401,401,trial and triumph,"'non-fiction', 'fiction', 'history', 'sports'"
402,402,the sylphs,"'history', 'biography', 'classics', 'novels', 'literature', 'fiction', 'historical-fiction', '20th-century', 'non-fiction'"
403,403,the aspirations of jean servien,"'romance', 'fiction', 'roman'"
404,404,the spirit of the age,"'literary-fiction', 'history', 'biography', 'writing', 'classics', 'fiction', '20th-century', 'essays', 'non-fiction'"
405,405,la fontana de oro,"'history', 'classics', 'novella', 'novels', 'fiction', '20th-century', 'historical', 'college'"
406,406,naufragios de alvar nez,"'adventure', 'history', 'biography', 'classics', 'travel', 'literature', 'fiction', '20th-century', 'memoir', 'school', 'non-fiction', 'read-for-school', 'american', 'historical', 'college'"
407,407,naufragios de alvar nlez,"'adventure', 'history', 'biography', 'classics', 'travel', 'literature', 'fiction', '20th-century', 'memoir', 'school', 'non-fiction', 'read-for-school', 'american', 'historical', 'college'"
408,408,the damned,"'contemporary', 'literary-fiction', '21st-century', 'history', 'biography', 'modern', 'sports', 'novels', 'fiction', 'historical-fiction', 'literature', 'non-fiction', 'drama', 'historical'"
409,409,what dress makes of us,"'classics', 'non-fiction'"
410,410,sonny a christmas guest,"'fiction', 'christmas'"
411,411,education of the negro,"'history', 'psychology'"
412,412,tom thumb,"'picture-books', 'classics', 'fantasy', 'short-stories', 'fiction', 'childrens'"
413,413,trailin,"'biography', 'psychology', 'travel', 'novels', 'fiction', 'memoir', 'non-fiction'"
414,414,fun and nonsense,"'picture-books', 'classics', 'short-stories', 'childrens', 'poetry'"
415,415,young robin hood,"'adventure', 'classics', 'fantasy', 'mythology', 'fiction', 'historical-fiction', 'short-stories', '20th-century', 'young-adult', 'childrens', 'historical'"
416,416,freckles,"'romance', 'contemporary', 'christmas', 'animals', 'novella', 'modern', 'fiction', 'short-stories', 'contemporary-romance', 'adult', 'non-fiction', 'lgbt', 'humor'"
417,417,history of modern philosophy,"'philosophy', 'non-fiction', 'classics'"
418,418,coleridge,"'biography', 'classics', 'religion', 'philosophy', 'fiction', 'literature', '20th-century', 'essays', 'war', 'school', 'non-fiction', 'poetry', 'theology'"
419,419,only an irish boy,"'classics', 'fiction', 'education'"
420,420,frank merriwell at yale,"'childrens', 'novels'"
421,421,thirty years with the indian tribes,"'fiction', '20th-century', 'history', 'memoir'"
422,422,the bracelets,"'classics', 'literature', 'short-stories', 'fiction', '20th-century'"
423,423,northumberland,"'fiction', 'spirituality', 'historical'"
424,424,franklin pierce,"'history', 'biography', 'fiction', 'politics', 'war', '20th-century', 'non-fiction', 'american', 'historical'"
425,425,the case of jennie brice,"'literary-fiction', 'adventure', 'crime', 'mystery', 'classics', 'suspense', 'mystery-thriller', 'novels', 'fiction', 'historical-fiction', 'historical'"
426,426,pierre et jean,"'romance', 'literary-fiction', 'roman', 'classics', 'family', 'novels', 'literature', 'fiction', 'historical-fiction', '20th-century', 'school', 'adult', 'read-for-school'"
427,427,inequality among mankind,"'romance', 'history', 'sociology', 'classics', 'philosophy', 'fiction', 'politics', '20th-century', 'essays', 'literature', 'school', 'non-fiction', 'read-for-school', 'economics', 'historical', 'college'"
428,428,twentytwo years a slave,"'education', 'horror', 'history', 'biography', 'crime', 'classics', 'family', 'fiction', 'love', 'essays', 'memoir', 'non-fiction', 'historical'"
429,429,haablose slgter,"'classics', 'literature', 'fiction', '20th-century', 'lgbt'"
430,430,rollo at play,"'classics', 'historical-fiction'"
431,431,a summer,"'romance', 'contemporary', 'chick-lit', 'fiction', 'adult-fiction', 'unfinished', 'contemporary-romance', 'adult', 'non-fiction', 'relationships'"
432,432,unitarianism,"'history', 'religion', 'philosophy', 'fiction', 'non-fiction', 'theology', 'spirituality'"
433,433,mary marie,"'classics', 'fiction', 'historical-fiction', 'realistic-fiction', 'childrens', 'young-adult', 'american', 'historical', 'new-adult'"
434,434,somewhere in france,"'romance', 'fiction', 'historical-fiction', 'historical'"
435,435,donner expedition,"'fiction', 'history', 'non-fiction'"
436,436,nummisuutarit,"'historical', 'classics', 'literature', 'fiction', 'historical-fiction', 'comedy', 'adult-fiction', 'adult', 'school', 'drama', 'plays'"
437,437,no hero,"'literary-fiction', 'history', 'biography', 'action', 'fiction', 'war', 'memoir', 'non-fiction'"
438,438,buddy and brighteyes pigg,"'animals', 'short-stories', 'childrens'"
439,439,a cotswold village,"'education', 'history', 'travel', 'historical-fiction', 'non-fiction'"
440,440,the story of little black mingo,"'picture-books', 'classics', 'fantasy', 'fiction', '20th-century', 'childrens'"
441,441,potterism,"'21st-century', 'reference', 'fantasy', 'paranormal', 'fiction', 'childrens', 'young-adult', 'non-fiction', 'magic', 'urban-fantasy', 'art'"
442,442,wild wings,"'adventure', 'biography', 'family', 'travel', 'love', 'science', 'theology', 'contemporary', 'mystery', 'animals', 'novels', 'fiction', 'childrens', 'young-adult', 'relationships', 'middle-grade', 'death', 'realistic-fiction', 'drama', 'coming-of-age'"
443,443,for gold or soul,"'fiction', 'non-fiction'"
444,444,punch vol ,"'adventure', 'action', 'supernatural', 'science-fiction', 'comics', 'fantasy', 'graphic-novels', 'fiction', 'comedy', 'young-adult', 'manga', 'humor'"
445,445,uncle toms cabin,"'literary-fiction', 'history', 'historical-fiction', 'historical', 'college', 'high-school', 'novels', 'literature', 'fiction', '20th-century', 'school', 'adult', 'read-for-school', 'unfinished', 'american', 'christian', 'classics', 'adult-fiction', 'politics', 'young-adult', 'drama'"
446,446,abraham lincoln,"'education', 'history', 'picture-books', 'biography', 'classics', 'family', 'fiction', 'historical-fiction', 'realistic-fiction', 'childrens', 'war', 'school', 'non-fiction', 'read-for-school', '20th-century', 'american', 'historical'"
447,447,four great americans,"'history', 'biography', 'classics', 'childrens', 'non-fiction', 'american', 'historical'"
448,448,linutile beaute,"'romance', 'feminism', 'roman', 'classics', 'novella', 'novels', 'literature', 'short-stories', 'fiction', '20th-century', 'realistic-fiction', 'drama'"
449,449,memoires du sergent bourgogne,"'romance', 'history', 'biography', 'travel', 'war', 'memoir', 'non-fiction', 'relationships', 'historical'"
450,450,la sagesse et la destinee,"'writing', 'psychology', 'philosophy', 'literature', '20th-century', 'essays', 'spirituality'"
451,451,worlds greatest books,"'literary-fiction', 'classics', 'reference', 'literature', 'fiction', 'amazon', 'short-stories', 'unfinished'"
452,452,captains all,'short-stories'
453,453,the boatswains mate,"'fiction', 'comedy', 'plays'"
454,454,over the side,"'literary-fiction', 'historical', 'mystery', 'fiction'"
455,455,the white cat,"'romance', 'middle-grade', 'picture-books', 'fantasy', 'literature', 'fiction', 'childrens', 'art'"
456,456,alcatraz,"'crime', 'history', 'biography', 'mystery', 'high-school', 'fiction', 'memoir', 'non-fiction', 'historical'"
457,457,bambi,"'adventure', 'middle-grade', 'picture-books', 'classics', 'animals', 'fantasy', 'novels', 'literature', 'fiction', '20th-century', 'childrens', 'young-adult'"
458,458,christianity and islam,"'christian', 'history', 'religion', 'amazon', 'politics', 'war', 'non-fiction', 'theology', 'spirituality'"
459,459,claire de lune,"'romance', 'classics', 'religion', 'novels', 'literature', 'short-stories', 'fiction', '20th-century', 'love', 'realistic-fiction', 'politics'"
460,460,violists,"'romance', 'roman', 'classics', 'fantasy', 'novels', 'paranormal', 'fiction', 'literature', 'music', 'urban-fantasy'"
461,461,the world war,"'romance', 'history', 'reference', 'fiction', 'politics', 'war', '20th-century', 'historical-fiction', 'non-fiction', 'unfinished', 'american', 'historical'"
462,462,andrew jackson second term,'read-for-school'
463,463, mijlen onder zee,"'romance', 'adventure', 'travel', 'classics', 'science-fiction', 'fantasy', 'novels', 'literature', 'fiction', 'historical-fiction', '20th-century', 'childrens', 'young-adult', 'science', 'adult', 'speculative-fiction', 'school', 'historical'"
464,464,a minstrel in france,"'history', 'memoir', 'non-fiction'"
465,465,modern india,"'history', 'biography', 'fiction', 'politics', 'historical-fiction', 'non-fiction', 'unfinished', 'theology', 'historical'"
466,466,brotherly love,"'novella', 'science-fiction', 'short-stories', 'fiction', 'non-fiction'"
467,467,the garies and their friends,"'history', 'classics', 'religion', 'literature', 'fiction', 'historical-fiction', 'politics', 'adult', 'read-for-school', 'historical', 'college'"
468,468,poems ,"'romance', 'classics', 'modern', 'literature', 'fiction', '20th-century', 'non-fiction', 'unfinished', 'poetry', 'american', 'college', 'art'"
469,469,the visioning,"'horror', 'crime', 'mystery', 'suspense', 'novella', 'fantasy', 'mystery-thriller', 'paranormal', 'fiction', 'novels', 'thriller', 'adult', 'drama', 'supernatural'"
470,470,the bent twig,"'literary-fiction', 'history', 'classics', 'novels', 'literature', 'fiction', 'historical-fiction', 'realistic-fiction', 'short-stories', 'historical'"
471,471,big timber,"'amazon', '20th-century'"
472,472,utilitarianism,"'history', 'sociology', 'classics', 'reference', 'psychology', 'philosophy', 'fiction', 'politics', '20th-century', 'essays', 'literature', 'school', 'non-fiction', 'read-for-school', 'unfinished', 'economics', 'college'"
473,473,building a state in apache land,'history'
474,474,ten boys from dickens,"'classics', 'short-stories', 'childrens', 'fiction'"
475,475,the marrow of tradition,"'literary-fiction', 'history', 'classics', 'novels', 'literature', 'fiction', 'historical-fiction', '20th-century', 'adult-fiction', 'politics', 'school', 'realistic-fiction', 'read-for-school', 'adult', 'unfinished', 'american', 'historical', 'college'"
476,476,the purple cloud,"'literary-fiction', 'horror', 'roman', 'classics', 'science-fiction', 'fantasy', 'novels', 'literature', 'fiction', '20th-century', 'dystopia', 'speculative-fiction'"
477,477,bartleby the scrivener,"'literary-fiction', 'novella', 'historical-fiction', 'historical', 'college', 'high-school', 'novels', 'literature', 'fiction', 'philosophy', '20th-century', 'school', 'adult', 'read-for-school', 'american', 'humor', 'classics', 'short-stories', 'adult-fiction'"
478,478,bullets  billets,"'history', 'biography', 'fiction', 'war', 'memoir'"
479,479,old ballads,'literature'
480,480,the pearl box,"'fiction', 'theology'"
481,481,the fight for conservation,"'science-fiction', 'philosophy', 'politics', 'non-fiction', 'read-for-school'"
482,482,the apartment next door,"'crime', 'mystery', 'classics', 'suspense', 'novels', 'fiction', 'thriller', 'american'"
483,483,wee ones bible stories,"'christian', 'childrens'"
484,484,michelangelo,"'education', 'middle-grade', 'picture-books', 'history', 'biography', 'sports', 'literature', 'fiction', 'historical-fiction', 'childrens', 'young-adult', 'school', 'non-fiction', 'read-for-school', 'historical', 'art'"
485,485,the exploits of brigadier gerard,"'romance', 'adventure', 'classics', 'fiction', 'historical-fiction', 'short-stories', '20th-century', 'thriller', 'war', 'comedy', 'historical', 'humor'"
486,486,the delights of wisdom,"'religion', '20th-century', 'non-fiction', 'theology', 'spirituality'"
487,487,four famous american writers,'fiction'
488,488,journeys through bookland vol ,"'literature', 'theology', 'childrens'"
489,489,martin hewitt investigator,"'crime', 'mystery', 'classics', 'mystery-thriller', 'novels', 'amazon', 'fiction', 'short-stories', '20th-century', 'historical-fiction', 'adult-fiction'"
490,490,poetical works,"'romance', 'classics', 'reference', 'literature', 'fiction', 'short-stories', '20th-century', 'school', 'poetry'"
491,491,slave narratives,"'history', 'biography', 'classics', 'fiction', 'politics', '20th-century', 'war', 'memoir', 'adult', 'non-fiction', 'read-for-school', 'theology', 'american', 'historical'"
492,492,social life at rome,"'history', 'roman', 'historical-romance', 'travel', 'non-fiction', 'historical'"
493,493,polly and the princess,"'fiction', 'historical'"
494,494,the flood,"'contemporary', 'adventure', 'literary-fiction', 'science-fiction', 'family', 'fantasy', 'novels', 'literature', 'fiction', 'adult-fiction', 'thriller', 'dystopia', 'adult', 'speculative-fiction'"
495,495,folktales of napoleon,"'fiction', 'historical-fiction', 'realistic-fiction', 'history'"
496,496,the slim princess,'fiction'
497,497,maggie miller,"'classics', 'historical-fiction'"
498,498,plays of gods and men,"'fantasy', 'literature', 'fiction', 'speculative-fiction', 'drama', 'plays'"
499,499,the secret garden,"'adventure', 'middle-grade', 'mystery', 'classics', 'fantasy', 'novels', 'literature', 'fiction', 'historical-fiction', '20th-century', 'childrens', 'young-adult', 'school', 'realistic-fiction', 'coming-of-age', 'historical'"
